series,kind,date,detail
SPX options,missing trading day,2025-09-02,
SPX options,missing trading day,2025-09-03,
SPX options,missing trading day,2025-09-04,
SPX options,missing trading day,2025-09-05,
SPX options,missing trading day,2025-09-08,
SPX options,missing trading day,2025-09-09,
SPX options,missing trading day,2025-09-10,
SPX options,missing trading day,2025-09-11,
SPX options,missing trading day,2025-09-12,
SPX options,missing trading day,2025-09-15,
SPX options,missing trading day,2025-09-16,
SPX options,missing trading day,2025-09-17,
SPX options,missing trading day,2025-09-18,
SPX options,missing trading day,2025-09-19,
SPX options,missing trading day,2025-09-22,
SPX options,missing trading day,2025-09-23,
SPX options,missing trading day,2025-09-24,
SPX options,missing trading day,2025-09-25,
SPX options,missing trading day,2025-09-26,
SPX options,missing trading day,2025-09-29,
SPX options,missing trading day,2025-09-30,
SPX options,missing trading day,2025-10-01,
SPX options,missing trading day,2025-10-02,
SPX options,missing trading day,2025-10-03,
SPX options,missing trading day,2025-10-06,
SPX options,missing trading day,2025-10-07,
SPX options,missing trading day,2025-10-08,
SPX options,missing trading day,2025-10-09,
SPX options,missing trading day,2025-10-10,
SPX options,missing trading day,2025-10-13,
SPX options,missing trading day,2025-10-14,
SPX options,missing trading day,2025-10-15,
SPX options,missing trading day,2025-10-16,
SPX options,missing trading day,2025-10-17,
SPX options,missing trading day,2025-10-20,
SPX options,missing trading day,2025-10-21,
SPX options,missing trading day,2025-10-22,
SPX options,missing trading day,2025-10-23,
SPX options,missing trading day,2025-10-24,
SPX options,missing trading day,2025-10-27,
SPX options,missing trading day,2025-10-28,
SPX options,missing trading day,2025-10-29,
SPX options,missing trading day,2025-10-30,
SPX options,missing trading day,2025-10-31,
SPX options,missing trading day,2025-11-03,
SPX options,missing trading day,2025-11-04,
SPX options,missing trading day,2025-11-05,
SPX options,missing trading day,2025-11-06,
SPX options,missing trading day,2025-11-07,
SPX options,missing trading day,2025-11-10,
SPX options,missing trading day,2025-11-11,
SPX options,missing trading day,2025-11-12,
SPX options,missing trading day,2025-11-13,
SPX options,missing trading day,2025-11-14,
SPX options,missing trading day,2025-11-17,
SPX options,missing trading day,2025-11-18,
SPX options,missing trading day,2025-11-19,
SPX options,missing trading day,2025-11-20,
SPX options,missing trading day,2025-11-21,
SPX options,missing trading day,2025-11-24,
SPX options,missing trading day,2025-11-25,
SPX options,missing trading day,2025-11-26,
SPX options,missing trading day,2025-11-28,
SPX options,missing trading day,2025-12-01,
SPX options,missing trading day,2025-12-02,
SPX options,missing trading day,2025-12-03,
SPX options,missing trading day,2025-12-04,
SPX options,missing trading day,2025-12-05,
SPX options,missing trading day,2025-12-08,
SPX options,missing trading day,2025-12-09,
SPX options,missing trading day,2025-12-10,
SPX options,missing trading day,2025-12-11,
SPX options,missing trading day,2025-12-12,
SPX options,missing trading day,2025-12-15,
SPX options,missing trading day,2025-12-16,
SPX options,missing trading day,2025-12-17,
SPX options,missing trading day,2025-12-18,
SPX options,missing trading day,2025-12-19,
SPX options,missing trading day,2025-12-22,
SPX options,missing trading day,2025-12-23,
SPX options,missing trading day,2025-12-24,
SPX options,missing trading day,2025-12-26,
SPX options,missing trading day,2025-12-29,
SPX options,missing trading day,2025-12-30,
SPX options,missing trading day,2025-12-31,
SPX options,missing month-end,2025-09-30,
SPX options,missing month-end,2025-10-31,
SPX options,missing month-end,2025-11-28,
SPX options,missing month-end,2025-12-31,
Zero curve,missing month-end,2025-09-30,
Zero curve,missing month-end,2025-10-31,
Zero curve,missing month-end,2025-11-28,
Zero curve,missing month-end,2025-12-31,
SPX index,missing trading day,2025-09-02,
SPX index,missing trading day,2025-09-03,
SPX index,missing trading day,2025-09-04,
SPX index,missing trading day,2025-09-05,
SPX index,missing trading day,2025-09-08,
SPX index,missing trading day,2025-09-09,
SPX index,missing trading day,2025-09-10,
SPX index,missing trading day,2025-09-11,
SPX index,missing trading day,2025-09-12,
SPX index,missing trading day,2025-09-15,
SPX index,missing trading day,2025-09-16,
SPX index,missing trading day,2025-09-17,
SPX index,missing trading day,2025-09-18,
SPX index,missing trading day,2025-09-19,
SPX index,missing trading day,2025-09-22,
SPX index,missing trading day,2025-09-23,
SPX index,missing trading day,2025-09-24,
SPX index,missing trading day,2025-09-25,
SPX index,missing trading day,2025-09-26,
SPX index,missing trading day,2025-09-29,
SPX index,missing trading day,2025-09-30,
SPX index,missing trading day,2025-10-01,
SPX index,missing trading day,2025-10-02,
SPX index,missing trading day,2025-10-03,
SPX index,missing trading day,2025-10-06,
SPX index,missing trading day,2025-10-07,
SPX index,missing trading day,2025-10-08,
SPX index,missing trading day,2025-10-09,
SPX index,missing trading day,2025-10-10,
SPX index,missing trading day,2025-10-13,
SPX index,missing trading day,2025-10-14,
SPX index,missing trading day,2025-10-15,
SPX index,missing trading day,2025-10-16,
SPX index,missing trading day,2025-10-17,
SPX index,missing trading day,2025-10-20,
SPX index,missing trading day,2025-10-21,
SPX index,missing trading day,2025-10-22,
SPX index,missing trading day,2025-10-23,
SPX index,missing trading day,2025-10-24,
SPX index,missing trading day,2025-10-27,
SPX index,missing trading day,2025-10-28,
SPX index,missing trading day,2025-10-29,
SPX index,missing trading day,2025-10-30,
SPX index,missing trading day,2025-10-31,
SPX index,missing trading day,2025-11-03,
SPX index,missing trading day,2025-11-04,
SPX index,missing trading day,2025-11-05,
SPX index,missing trading day,2025-11-06,
SPX index,missing trading day,2025-11-07,
SPX index,missing trading day,2025-11-10,
SPX index,missing trading day,2025-11-11,
SPX index,missing trading day,2025-11-12,
SPX index,missing trading day,2025-11-13,
SPX index,missing trading day,2025-11-14,
SPX index,missing trading day,2025-11-17,
SPX index,missing trading day,2025-11-18,
SPX index,missing trading day,2025-11-19,
SPX index,missing trading day,2025-11-20,
SPX index,missing trading day,2025-11-21,
SPX index,missing trading day,2025-11-24,
SPX index,missing trading day,2025-11-25,
SPX index,missing trading day,2025-11-26,
SPX index,missing trading day,2025-11-28,
SPX index,missing trading day,2025-12-01,
SPX index,missing trading day,2025-12-02,
SPX index,missing trading day,2025-12-03,
SPX index,missing trading day,2025-12-04,
SPX index,missing trading day,2025-12-05,
SPX index,missing trading day,2025-12-08,
SPX index,missing trading day,2025-12-09,
SPX index,missing trading day,2025-12-10,
SPX index,missing trading day,2025-12-11,
SPX index,missing trading day,2025-12-12,
SPX index,missing trading day,2025-12-15,
SPX index,missing trading day,2025-12-16,
SPX index,missing trading day,2025-12-17,
SPX index,missing trading day,2025-12-18,
SPX index,missing trading day,2025-12-19,
SPX index,missing trading day,2025-12-22,
SPX index,missing trading day,2025-12-23,
SPX index,missing trading day,2025-12-24,
SPX index,missing trading day,2025-12-26,
SPX index,missing trading day,2025-12-29,
SPX index,missing trading day,2025-12-30,
SPX index,missing trading day,2025-12-31,
DCPF3M,month-end stale >7d,2008-12-31,
DCPF3M,month-end stale >7d,2020-04-30,
DCPF3M,month-end stale >7d,2023-05-31,
DCPF3M,month-end stale >7d,2023-12-29,
DCPF3M,month-end stale >7d,2024-09-30,
DCPF3M,month-end stale >7d,2025-08-29,
DCPF3M,month-end stale >7d,2025-09-30,
DCPF3M,month-end stale >7d,2025-10-31,
DCPN3M,month-end stale >7d,2008-08-29,
DCPN3M,month-end stale >7d,2008-12-31,
DCPN3M,month-end stale >7d,2009-07-31,
DCPN3M,month-end stale >7d,2009-12-31,
DCPN3M,month-end stale >7d,2010-01-29,
DCPN3M,month-end stale >7d,2010-12-31,
DCPN3M,month-end stale >7d,2014-12-31,
DCPN3M,month-end stale >7d,2016-12-30,
DCPN3M,month-end stale >7d,2017-12-29,
DCPN3M,month-end stale >7d,2018-12-31,
DCPN3M,month-end stale >7d,2019-08-30,
DCPN3M,month-end stale >7d,2019-12-31,
DCPN3M,month-end stale >7d,2021-08-31,
DCPN3M,month-end stale >7d,2021-12-31,
DCPN3M,month-end stale >7d,2022-02-28,
DCPN3M,month-end stale >7d,2022-03-31,
DCPN3M,month-end stale >7d,2022-06-30,
DCPN3M,month-end stale >7d,2022-08-31,
DCPN3M,month-end stale >7d,2022-09-30,
DCPN3M,month-end stale >7d,2022-11-30,
DCPN3M,month-end stale >7d,2022-12-30,
DCPN3M,month-end stale >7d,2023-03-31,
DCPN3M,month-end stale >7d,2023-06-30,
DCPN3M,month-end stale >7d,2023-07-31,
DCPN3M,month-end stale >7d,2023-08-31,
DCPN3M,month-end stale >7d,2023-09-29,
DCPN3M,month-end stale >7d,2023-11-30,
DCPN3M,month-end stale >7d,2023-12-29,
DCPN3M,month-end stale >7d,2024-01-31,
DCPN3M,month-end stale >7d,2024-02-29,
DCPN3M,month-end stale >7d,2024-03-28,
DCPN3M,month-end stale >7d,2024-04-30,
DCPN3M,month-end stale >7d,2024-05-31,
DCPN3M,month-end stale >7d,2024-08-30,
DCPN3M,month-end stale >7d,2024-11-29,
DCPN3M,month-end stale >7d,2024-12-31,
DCPN3M,month-end stale >7d,2025-11-28,
DCPN3M,month-end stale >7d,2025-12-31,
CFTC TFF,report gap >7d,2007-01-03,15 days since previous
CFTC TFF,report gap >7d,2008-01-08,21 days since previous
CFTC TFF,report gap >7d,2008-12-16,28 days since previous
CFTC TFF,report gap >7d,2009-06-02,168 days since previous
CFTC TFF,report gap >7d,2009-06-30,14 days since previous
CFTC TFF,report gap >7d,2009-11-17,8 days since previous
CFTC TFF,report gap >7d,2013-01-08,8 days since previous
CFTC TFF,report gap >7d,2017-07-11,8 days since previous
CFTC TFF,report gap >7d,2019-01-08,8 days since previous
CFTC TFF,report gap >7d,2020-12-29,8 days since previous
CFTC TFF,report gap >7d,2023-07-11,8 days since previous
CFTC TFF,report gap >7d,2025-11-18,8 days since previous
