year,rows,dates,month_ends_expected,month_ends_missing,duplicates,crossed,negative_bid,zero_offer,iv_missing_share,am_settled_share,expiries_per_month_end,month_ends_without_30d_bracket,median_strike_to_spot
2007,4113,4,0,0,0,0,0,0,0.069,0.893,,0,0.948
2008,104186,84,12,0,0,0,0,0,0.065,0.885,14.7,0,1.024
2009,141198,84,12,0,0,0,0,0,0.078,0.843,14.7,0,0.946
2010,156522,84,12,0,0,0,0,0,0.086,0.853,14.8,0,0.899
2011,169336,84,12,0,0,0,0,0,0.099,0.795,15.0,0,0.891
2012,217899,84,12,0,0,0,0,0,0.107,0.693,17.4,0,0.899
2013,273554,84,12,0,0,16,0,0,0.12,0.624,19.0,0,0.885
2014,419174,84,12,0,0,0,0,0,0.125,0.459,23.8,0,0.866
2015,657449,84,12,0,0,0,0,0,0.132,0.344,28.4,0,0.87
2016,626699,84,12,0,0,0,0,0,0.144,0.364,30.7,0,0.898
2017,789070,84,12,0,0,0,0,0,0.146,0.279,35.5,0,0.91
2018,1098054,84,12,0,0,0,0,0,0.126,0.263,35.8,0,0.93
2019,1190608,84,12,0,0,0,0,0,0.121,0.282,37.2,0,0.914
2020,1411371,84,12,0,0,0,0,0,0.097,0.301,35.4,0,0.911
2021,1709133,84,12,0,0,0,0,0,0.099,0.331,38.6,0,0.912
2022,1663008,84,12,0,0,0,0,0,0.095,0.343,45.1,0,0.972
2023,1601488,84,12,0,0,0,0,0,0.094,0.319,51.4,0,0.947
2024,1946918,84,12,0,0,0,0,0,0.082,0.318,54.8,0,0.944
2025,1366391,56,8,0,0,7,0,0,0.084,0.336,54.0,0,0.955
