,count,mean,std,min,5%,50%,95%,max,ar1,skew,kurt
iv,156.0,0.04936960941917435,0.05443230367635877,0.008524453174127943,0.011775167055294177,0.030401790335147817,0.16092256496047433,0.3477386636993828,0.7660287961808253,3.0832722079606936,11.198184001967963
har_fcst,156.0,0.03381747050784287,0.04755842836404322,0.004813216666350811,0.00628198828132144,0.018099498447674955,0.10505133988127237,0.4251817655465425,0.6162336860096104,4.856762495948468,32.13354359895066
vrp_exante,156.0,0.015552138911331484,0.020703870397940947,-0.07744310184715975,-0.0028012009675600297,0.010552015494824356,0.05472611498968895,0.0964872845643582,0.2793354092311736,0.9736333462406341,5.7374238451691735
vrp_exante_level,156.0,0.00840628283302901,0.05872120668289543,-0.6706264822565234,-0.007719911783958224,0.007512011777243886,0.05445718827590353,0.1101551310040803,0.08392423027109906,-9.995438014374958,117.03469858908127
vrp_exante_log,156.0,0.015552138911331484,0.020703870397940947,-0.07744310184715975,-0.0028012009675600297,0.010552015494824356,0.05472611498968895,0.0964872845643582,0.2793354092311736,0.9736333462406341,5.7374238451691735
vrp_exante_iv,156.0,0.008225877463244404,0.05106124059658622,-0.5887411349136519,-0.0017804156299357221,0.008325730851307785,0.04334961015162972,0.102438506592937,0.10042902062392982,-10.351031623301052,122.39557450873944
rv_fwd,156.0,0.0413711407919534,0.09525450866132852,0.0026003503605855904,0.0049833887770153185,0.015360616466543187,0.1460678344405078,0.8841539249670403,0.42010254320239093,6.608003560944781,50.80377608998636
vrp_expost,156.0,0.007998468627220949,0.0781058775164382,-0.699125644612504,-0.04018625371041287,0.012408217381969988,0.05989675962424924,0.1428082614284567,0.09912821187517792,-6.70993912886622,54.97632874737524
rv_past,156.0,0.04164533260699508,0.0962242595401536,0.002595989668505494,0.004885792256927257,0.015048545082728682,0.13991246097177293,0.8810836879732269,0.4034806682547359,6.5989502294309625,50.202301534086224
vrp_trail,156.0,0.008226337072492103,0.059887611729259375,-0.5944305279732269,-0.027350160071782856,0.011358112401902301,0.04786161701448281,0.10625758343411532,0.04269271751188252,-7.741418154175345,72.58104062752102
rv_month,156.0,0.04126352587978326,0.092371461310502,0.0025579118962813963,0.004823183088195685,0.015154457233342092,0.1385970369858569,0.8489558371448589,0.4200486966930105,6.456001900171392,48.824091118372245
rv_surprise,156.0,0.007426750416012054,0.07701095903431028,-0.08373886062141928,-0.03436144219833955,-0.003810770415952098,0.05979918670173391,0.7156826018175217,0.028104897305934688,7.121371955945093,58.62864631290984
vix,156.0,20.350192307692307,9.226705173022268,9.51,11.254999999999999,17.665,40.0275,59.89,0.8074424744811285,1.8549250890958073,3.987448935404714
vix_ts,0.0,,,,,,,,,,
vvix,0.0,,,,,,,,,,
skew,0.0,,,,,,,,,,
fund_spread,155.0,0.0027554838709677423,0.0041246194934378205,0.00019999999999999987,0.0005000000000000028,0.0013999999999999998,0.011259999999999996,0.023400000000000004,0.6706950730609385,3.565619194231838,13.36102445391276
fund_spread_nonfin,155.0,0.00172,0.00252260945085807,-9.999999999999994e-05,0.0002999999999999999,0.0010000000000000009,0.005989999999999979,0.0196,0.5440522351342448,4.479915766782596,23.84390063558947
credit_spread,156.0,0.011252564102564104,0.00508158533451849,0.005400000000000002,0.006700000000000003,0.00995,0.01985,0.03330000000000001,0.9401225251234518,2.602364541651193,7.767131883743769
hkm,0.0,,,,,,,,,,
hkm_lag1,0.0,,,,,,,,,,
cftc_pos,149.0,0.09328571218522877,0.16017604510867364,-0.44031418753068235,-0.2407757861140538,0.12098064736381675,0.2953438106006472,0.3610060911573199,0.8109598033382011,-0.9476431492934911,0.834066911444765
cftc_pos_lev,149.0,-0.16584283445333328,0.1510628288712752,-0.41275867921818493,-0.351072541004977,-0.20253702622858086,0.13699452848342544,0.3128718703976436,0.8167101599849805,0.9580930408555818,0.5778027582515168
rf,156.0,0.000480853981791889,0.0006427367608547459,7.777610349757325e-06,1.59715379695613e-05,0.00011982718674574677,0.0018503411798508895,0.002105148698444026,0.9717773583498244,1.2375183610184328,-0.03436860827839894
exret_1,0.0,,,,,,,,,,
exret_3,0.0,,,,,,,,,,
exret_6,0.0,,,,,,,,,,
put_ret_fwd1,0.0,,,,,,,,,,
bxm_ret_fwd1,0.0,,,,,,,,,,
