year,days,trades,median_trades_per_bucket,days_expected,early_close_days,days_wrong_bucket_count,outlier_buckets,return_gap_days
2003,79,1752732,242.0,79,3,3,0,0
2004,252,12298469,525.0,252,1,1,3,0
2005,252,22527009,970.0,252,2,2,2,0
2006,251,19297649,847.5,251,2,2,0,0
2007,251,49736191,1889.0,251,3,3,2,0
2008,253,142547671,5179.0,253,3,3,156,3
2009,252,139686417,5707.0,252,2,2,15,0
2010,252,125331293,4947.0,252,1,1,7,0
2011,252,128053738,5100.0,252,1,1,5,0
2012,250,76593989,3194.0,250,3,3,0,0
2013,252,67766906,2709.0,252,3,3,0,0
2014,252,78879805,3105.0,252,3,4,0,0
2015,252,95718011,3706.0,252,2,2,10,0
2016,252,90773712,3516.0,252,1,1,0,0
2017,251,52074187,2066.0,251,2,2,0,0
2018,251,95362467,3429.0,251,3,3,3,0
2019,252,76893353,2945.0,252,3,4,0,0
2020,253,150347481,4517.0,253,2,6,65,0
2021,252,114799303,4344.0,252,1,1,0,0
2022,251,184565183,7015.0,251,1,1,6,0
2023,250,138210217,5838.0,250,2,2,0,0
2024,252,112117633,4460.0,252,3,3,0,0
2025,165,108495653,6668.0,165,1,1,19,0
