date,b,last_price,vwap
2004-02-06,71,114.52,113.64111214199274
2004-05-06,64,111.57,112.39461113828096
2004-06-18,36,113.97,113.33690974915956
2005-02-23,69,119.49,118.79974004841236
2005-03-16,67,119.23,119.8358625191371
2007-08-09,16,148.17,149.44776629137795
2007-08-16,56,140.41,139.6863471410905
2008-01-31,76,137.26,138.0124219864762
2008-03-14,5,129.43,130.08612771371705
2008-03-14,6,129.32,128.63567505136356
2008-09-15,59,122.4,123.54948580143969
2008-09-16,16,120.23,119.45311204708905
2008-09-16,61,120.89,119.67384115952518
2008-09-18,48,117.77,116.90156399880308
2008-09-25,56,120.98,120.26233165718659
2008-09-29,4,116.66,117.26620450905864
2008-09-29,50,113.17,114.91967381998326
2008-09-29,51,113.55,112.97899178982361
2008-09-29,52,115.6,114.38397193102756
2008-10-03,35,113.82,112.86732265215012
2008-10-03,50,111.91,112.67849334878126
2008-10-03,52,112.2,113.01616496141891
2008-10-06,13,103.61,104.13842587850361
2008-10-06,68,103.57,103.04436111418455
2008-10-06,69,104.38,103.72161720218489
2008-10-06,74,104.97,104.22034434511274
2008-10-06,76,106.35,105.76757122079698
2008-10-08,0,98.42,97.8498438337819
2008-10-08,1,99.79,98.7993208910089
2008-10-08,3,101.03,100.37236746949719
2008-10-08,14,98.55,99.29494689412314
2008-10-08,29,98.57,98.03785289253278
2008-10-08,69,101.91,101.2841701573707
2008-10-08,73,100.53,101.0481449023592
2008-10-09,76,92.4,91.54586252907919
2008-10-09,77,91.75,92.41708046866513
2008-10-10,0,85.99,86.91607810373972
2008-10-10,1,86.21,84.87291261589482
2008-10-10,2,89.51,87.53924290586536
2008-10-10,3,88.36,88.87550797031969
2008-10-10,4,89.33,88.32474922389949
2008-10-10,9,89.37,89.8683547766622
2008-10-10,12,88.21,89.11048648798217
2008-10-10,15,88.63,87.88347453830399
2008-10-10,20,87.39,86.93894589005578
2008-10-10,27,86.02,86.50850337717786
2008-10-10,33,87.2,88.64685624854923
2008-10-10,39,87.18,87.79337616442776
2008-10-10,40,87.36,88.50953306921106
2008-10-10,54,85.48,85.04531246863381
2008-10-10,55,86.79,86.03727737221097
2008-10-10,56,86.43,85.80810297102175
2008-10-10,57,85.55,86.16642169452781
2008-10-10,58,85.44,86.11993589051775
2008-10-10,61,85.41,84.85926695124267
2008-10-10,65,85.2,84.77248359642385
2008-10-10,68,88.02,87.52900735081028
2008-10-10,72,91.85,91.31534611773719
2008-10-10,73,91.83,92.77382920410135
2008-10-10,74,91.49,90.5290824798134
2008-10-13,16,94.89,93.51565964900124
2008-10-13,77,100.86,99.96312428302966
2008-10-14,5,101.36,102.07063568645287
2008-10-14,14,99.54,100.24297466784414
2008-10-14,71,99.66,99.04609563150417
2008-10-14,73,99.09,99.68536573820282
2008-10-15,1,96.761,97.31763915411636
2008-10-15,14,95.49,96.00988760542626
2008-10-16,1,91.38,90.86976302683016
2008-10-16,26,88.99,88.43810151990732
2008-10-16,28,89.72,89.17549144224117
2008-10-16,32,90.8,90.00604989542688
2008-10-16,35,90.54,91.13839252823712
2008-10-16,63,91.31,90.82490385642654
2008-10-16,67,92.65,92.09211315725409
2008-10-16,72,92.51,93.11216632161296
2008-10-17,5,94.17,93.65914068862664
2008-10-17,7,93.76,94.23256300888224
2008-10-17,12,93.42,93.904156645413
2008-10-17,61,95.7,96.35002325291106
2008-10-17,74,95.53,95.0195218539143
2008-10-22,6,91.33,91.79535680690405
2008-10-22,70,90.0,90.9930169188913
2008-10-23,3,88.72,89.1742292440085
2008-10-23,14,91.7301,91.01114520747981
2008-10-23,18,91.56,92.15173526628406
2008-10-23,61,88.18,87.59181258830371
2008-10-23,63,86.58,87.1139265699175
2008-10-23,65,86.91,86.36196539342467
2008-10-23,67,88.77,88.04749971794703
2008-10-23,73,87.72,88.29286005626875
2008-10-23,74,89.67,88.74451259081226
2008-10-23,75,90.84,90.25907238821544
2008-10-23,76,89.78,90.3097614491394
2008-10-24,0,85.47,84.97411314675489
2008-10-24,3,86.6,85.8515636764126
2008-10-24,10,86.17,86.61582315785893
2008-10-24,14,86.9,86.34733681020126
2008-10-24,68,88.49,88.93486582063854
2008-10-24,70,89.28,88.59978132889249
2008-10-24,77,87.63,88.18245699491523
2008-10-27,1,86.51,86.01097685183521
2008-10-27,76,86.08,86.52900593142795
2008-10-28,16,85.11,85.61840651070442
2008-10-28,51,86.71,86.2191665088848
2008-10-28,68,89.6,89.05348516376719
2008-10-28,77,94.0,93.4296595470364
2008-10-29,58,93.82,94.39361506344817
2008-10-29,64,93.83,94.36347301585035
2008-10-29,68,94.97,94.40747625878262
2008-10-29,72,95.5,96.18792241719018
2008-10-29,76,94.5,95.1683387937441
2008-10-29,77,92.32,93.30372510502697
2008-10-30,70,94.93,94.43637000558576
2008-11-04,23,100.24,99.24402799438212
2008-11-07,65,91.76,92.23559442528862
2008-11-12,67,86.055,86.87831944729686
2008-11-12,74,86.15,85.5940412772592
2008-11-13,41,82.17,82.86378613395296
2008-11-13,47,84.1,83.55147149306855
2008-11-13,50,85.54,85.06563273220402
2008-11-13,51,84.89,85.39658376829144
2008-11-13,52,86.16,85.71962869825562
2008-11-13,53,85.18,85.71784218978986
2008-11-13,57,85.44,85.95373655800252
2008-11-13,60,86.63,87.10628777064821
2008-11-13,61,87.97,87.45854231079997
2008-11-13,70,88.53,88.04387714651561
2008-11-13,71,89.2,88.7486734907089
2008-11-14,57,90.4,89.90316569717788
2008-11-14,69,90.61,91.18427505277931
2008-11-14,76,88.62,89.2389727799818
2008-11-18,11,86.83,86.37897804246916
2008-11-18,67,84.29,83.84504628151142
2008-11-19,72,83.03,82.59142770190066
2008-11-20,14,80.1,79.49090085793404
2008-11-20,16,80.26,79.84327007238731
2008-11-20,17,80.58,80.1465561264174
2008-11-20,19,80.45,80.8881912294934
2008-11-20,21,80.2,80.63687758107865
2008-11-20,45,80.5,80.96634233114526
2008-11-20,54,80.02,80.48046224519442
2008-11-20,66,78.53,78.99747856603277
2008-11-20,73,76.56,77.16536973479373
2008-11-21,1,76.6,77.13297649110724
2008-11-21,4,76.65,77.1578252419633
2008-11-21,7,76.82,76.43440503074402
2008-11-21,18,74.61,75.07323333528215
2008-11-21,33,75.8304,76.22153032663554
2008-11-21,39,76.58,76.96967736059314
2008-11-21,53,74.95,75.38299715823945
2008-11-21,54,75.82,75.2226769742945
2008-11-21,68,77.96,77.31988782060537
2008-11-21,75,79.22,78.49877179807014
2008-11-21,76,79.73,79.19052575556776
2008-11-24,75,86.0,86.47708240760912
2008-11-25,40,84.32,84.95968935607276
2008-12-02,6,83.3,82.86123742148608
2008-12-02,75,83.93,84.35305153907426
2008-12-02,76,84.68,84.20343735787513
2008-12-03,6,83.96,83.53769701929345
2008-12-04,68,84.78,85.23368629982657
2008-12-05,63,87.21,86.71942190189874
2009-01-06,65,94.15,93.66878567669161
2009-01-15,14,82.32,82.96734930370997
2009-01-20,70,80.98,81.43514204791212
2009-01-20,72,81.41,81.89230709521635
2009-01-22,66,82.32,82.79551670798234
2009-02-10,24,84.02,84.50775282126591
2009-02-13,77,82.78,83.1998467574567
2009-03-04,50,71.3201,70.73818054312909
2009-03-04,52,71.47,71.07768706099786
2009-03-06,2,70.37,69.92728668689274
2009-03-11,1,72.93,72.55597655896449
2009-03-18,58,80.27,79.68823016507028
2009-04-22,65,85.95,85.14249009491236
2009-05-29,77,92.65,92.13049366874462
2009-11-19,35,109.585,110.32937322777565
2010-01-28,53,108.74,109.32839913027706
2010-05-06,61,111.92,112.5987516995697
2010-05-06,62,108.69,110.8697646818187
2010-05-06,63,112.03,109.90151757886414
2010-05-06,64,112.26,111.62028233550123
2010-05-06,71,112.27,111.59798274348945
2010-05-07,6,111.59,112.15356080889835
2011-08-05,4,119.29,119.94998678821007
2011-08-08,0,117.906,117.14017386012148
2011-08-09,62,110.365,111.00470525392012
2011-08-10,0,114.28,114.85941291942434
2011-12-20,48,123.73,122.21002826019891
2015-08-24,0,183.8704,185.36688972395703
2015-08-24,2,190.88,189.28344964764187
2015-08-24,3,188.995,190.00068902135718
2015-08-24,6,191.57,190.3381295526075
2015-08-24,73,191.2,190.22442865521856
2015-08-24,74,192.06,190.94252179659625
2015-08-24,75,191.0,192.12673476328084
2015-08-24,77,189.48,190.5617751657666
2015-09-17,54,199.68,200.74751448844097
2015-12-15,66,205.505,204.2821233185679
2018-02-05,67,264.62,266.513029110779
2018-02-05,68,266.93,265.3041329958674
2018-02-06,0,261.9,260.3522263228731
2020-02-28,11,286.42,288.0353278330657
2020-02-28,77,296.16,293.87496610266845
2020-03-03,8,308.56,310.16500334179767
2020-03-09,4,278.24,276.387129324118
2020-03-09,77,274.4,275.8832380692845
2020-03-12,5,258.61,255.31097110153374
2020-03-12,6,254.0001,255.55272034850293
2020-03-12,41,260.0,258.4591411454369
2020-03-12,42,264.37,261.7490359960754
2020-03-12,49,253.8298,255.27122728701545
2020-03-12,51,256.5388,255.2448519318728
2020-03-12,63,255.31,253.83350790121827
2020-03-12,64,253.46,254.8934499295068
2020-03-12,76,252.41,253.76650821025356
2020-03-12,77,248.1,249.66116218794286
2020-03-13,0,261.3322,262.65214809356354
2020-03-13,1,259.12,260.9189764765877
2020-03-13,9,260.4662,258.9786516255392
2020-03-13,23,252.43,254.07861293724216
2020-03-13,62,256.94,255.4196354233812
2020-03-13,76,267.81,265.6939151140831
2020-03-13,77,270.93,268.55513205825116
2020-03-16,3,242.0099,240.17931182569882
2020-03-16,4,245.54,243.14309848655415
2020-03-16,6,243.08,244.54310392495307
2020-03-16,12,249.71,248.12687021485215
2020-03-16,13,251.64,249.91276048741014
2020-03-16,24,252.97,254.93586313259271
2020-03-16,29,254.13,252.73887281456402
2020-03-16,60,250.14,248.1175553577986
2020-03-16,74,246.17,243.32415138244335
2020-03-17,1,241.54,242.8461085971677
2020-03-17,4,238.1,239.58338816739115
2020-03-17,6,239.91,238.52033688488652
2020-03-17,22,248.36,249.63870351058682
2020-03-17,31,255.05,253.42373726511858
2020-03-17,77,254.19,252.28438288352294
2020-03-18,4,243.32,241.52974208218959
2020-03-18,7,243.18,244.70794142769057
2020-03-18,9,242.95,244.17339010340814
2020-03-18,32,238.6068,240.11613652650487
2020-03-18,66,232.92,234.17903335527356
2020-03-18,75,235.62,233.81898185020998
2020-03-18,76,238.93,237.13805632405422
2020-03-18,77,241.01,239.0790585532131
2020-03-19,0,235.71,237.15809571988095
2020-03-19,7,240.49,239.24122464756388
2020-03-19,8,243.0,241.24725277175628
2020-03-19,9,241.0,242.38922641965516
2020-03-20,1,239.89,242.0905782889904
2020-03-20,2,237.91,239.13459639404076
2020-03-20,22,237.9,239.41250089229587
2020-03-20,64,232.52,233.7645506368479
2020-03-23,1,222.57,224.51324445647614
2020-03-23,9,225.52,227.1711302199557
2020-03-23,51,226.62,225.15636132153588
2020-03-23,55,221.42,222.62617288315064
2020-03-23,63,224.94,223.5612749662311
2020-03-23,76,224.68,223.15303901519147
2020-03-23,77,222.51,223.96888637573838
2020-03-24,0,236.695,235.13752688314395
2020-03-25,0,246.65,244.48642575690934
2020-03-25,4,243.45,244.75842526879302
2020-03-26,4,252.395,250.97902049528162
2020-03-26,76,262.305,260.74316769860644
2022-05-09,59,409.88,399.932872006226
2022-08-26,7,419.467,416.9118619540887
2022-09-14,39,410.62,395.22622040033946
2022-09-14,40,395.6235,395.51591810335344
2022-09-21,54,380.83,383.2791180947942
2022-12-14,60,396.42,398.73641438811484
2025-04-07,8,513.8584,508.4900407453325
2025-04-07,9,514.55,518.3586320894732
2025-04-07,10,499.71,506.75278473544984
2025-04-07,11,498.19,501.22823779027993
2025-04-07,12,498.96,501.48179809741964
2025-04-07,14,499.99,496.4300345499253
2025-04-07,16,508.075,504.4667019104588
2025-04-07,20,496.29,500.3116981131909
2025-04-07,22,494.15,497.19285207632845
2025-04-07,42,496.815,500.09666539593496
2025-04-07,44,501.51,498.87572714785944
2025-04-08,76,495.93,493.32987494425817
2025-04-09,1,499.54,496.22617744951344
2025-04-09,45,512.8,504.7492246870885
2025-04-09,46,523.52,519.3087805380737
2025-04-09,47,523.96,528.2665752122007
2025-04-09,48,531.83,527.9558153372511
2025-04-09,49,527.26,532.4550829265377
2025-04-10,55,522.56,525.439169375
