predictor,k,beta,t_nw,p_nw,rho,r2,r2_ar1,incr_r2,nobs,lags,start,end,p_holm
vix,1,-0.0002932786188454195,-0.04103433673457227,0.9672685221497018,0.2953124023944865,0.08790721097164678,0.08788646764324282,2.0743328403960426e-05,155,4,2008-01-31,2020-11-30,1.0
vix,3,0.010014076671722364,3.320407088243563,0.0008988627301579491,-0.02869755441452975,0.028318220318738208,0.004941348567173209,0.023376871751564998,153,4,2008-01-31,2020-09-30,0.009887490031737441
vix,6,0.008730972853547913,4.536438727605145,5.721210109113044e-06,-0.04776344540894288,0.024776872257104565,0.007203997355280989,0.017572874901823576,150,6,2008-01-31,2020-06-30,6.865452130935652e-05
fund_spread,1,-0.02343988934904266,-0.9939323871835818,0.32025578552288336,0.12520466678233771,0.1734537415346452,0.08712057875834034,0.08633316277630487,154,4,2008-01-31,2020-11-30,1.0
fund_spread,3,-0.012325216094537171,-0.7392847942254512,0.4597340806883998,-0.16161885741719478,0.02900427627342339,0.005171190995133412,0.023833085278289978,152,4,2008-01-31,2020-09-30,1.0
fund_spread,6,-0.01563841355416068,-0.8202908711619985,0.4120503092337331,-0.20285039703645574,0.04683170010909221,0.008075081645416371,0.03875661846367584,149,6,2008-01-31,2020-06-30,1.0
credit_spread,1,0.004369933173939546,0.7300469835828377,0.4653614661528279,0.3109590460022016,0.09144669308368003,0.08788646764324282,0.0035602254404372147,155,4,2008-01-31,2020-11-30,1.0
credit_spread,3,0.006414179696695446,1.0491611110600203,0.2941039737918776,-0.04923116313986694,0.01261916191279111,0.004941348567173209,0.007677813345617901,153,4,2008-01-31,2020-09-30,1.0
credit_spread,6,0.004798943225433322,1.108527514603723,0.2676340630787347,-0.06947821034389597,0.01150718318722388,0.007203997355280989,0.004303185831942891,150,6,2008-01-31,2020-06-30,1.0
cftc_pos,1,0.006380535347125875,0.8353569492378186,0.4035167614842671,0.2874473039765677,0.08738799808837505,0.07935417913327059,0.008033818955104466,148,4,2008-01-31,2020-11-30,1.0
cftc_pos,3,0.018939117522879963,1.2044684906008063,0.2284085536378826,-0.07809540855361591,0.0782545854836254,0.007979785993556088,0.07027479949006932,146,4,2008-01-31,2020-09-30,1.0
cftc_pos,6,0.014830380169732713,1.0181735012063808,0.3085955101303739,-0.09567194362670836,0.053234872697901725,0.010488152643246984,0.04274672005465474,143,6,2008-01-31,2020-06-30,1.0
